feature,sessions,conversions,revenue,bounce_rate,cvr,aov
antivirus,31997,941,116491.49,0.02725512535324124,0.0294090070944151,123.79541976620617
general,815054,4267,514130.58,0.10582526385348974,0.005235235947556849,120.48994141082729
identity_theft,36567,0,0.0,0.014288794764285,0.0,0.0
parental_controls,87177,262,24680.37,0.04175166315922131,0.003005379859366576,94.1998854961832
password_manager,53113,40,2328.7,0.017069536441202415,0.0007531112910210306,58.217499999999994
vpn,40422,790,48134.88,0.057521777879496805,0.019543812775221416,60.93022784810126
