{
  "total_samples": 1000,
  "num_features": 13,
  "cat_features": 26,
  "click_rate": 0.015,
  "numerical_stats": {
    "num_0": {
      "mean": 0.0,
      "std": 1.0005003753127737,
      "min": -3.054443029460123,
      "max": 3.060322607566905,
      "median": 0.0061136058525428525,
      "q25": -0.6909194789649135,
      "q75": 0.6615512097220957
    },
    "num_1": {
      "mean": 4.440892098500626e-18,
      "std": 1.0005003753127737,
      "min": -3.456026648693879,
      "max": 3.6473963145748662,
      "median": -0.028638295028867534,
      "q25": -0.6968497741070772,
      "q75": 0.6417841719398445
    },
    "num_2": {
      "mean": -3.552713678800501e-18,
      "std": 1.0005003753127737,
      "min": -3.3408129401089988,
      "max": 3.014614451190042,
      "median": -0.0014850776472089865,
      "q25": -0.6702884368219889,
      "q75": 0.6863606805267304
    },
    "num_3": {
      "mean": 2.3092638912203255e-17,
      "std": 1.0005003753127737,
      "min": -3.0578278789600724,
      "max": 3.537676355828559,
      "median": -0.01745060707156869,
      "q25": -0.6568667337108322,
      "q75": 0.6988470036892421
    },
    "num_4": {
      "mean": -1.7763568394002505e-18,
      "std": 1.0005003753127737,
      "min": -3.362535276856014,
      "max": 2.9901994608983022,
      "median": 0.031486425560193765,
      "q25": -0.6621480735589473,
      "q75": 0.6959322158651882
    },
    "num_5": {
      "mean": 2.1316282072803006e-17,
      "std": 1.0005003753127737,
      "min": -3.012401905671941,
      "max": 3.6121204061427727,
      "median": -0.004797182664836308,
      "q25": -0.6647795975620945,
      "q75": 0.6935104812389993
    },
    "num_6": {
      "mean": -1.7763568394002505e-17,
      "std": 1.0005003753127737,
      "min": -2.8610794112490083,
      "max": 2.6907349806386236,
      "median": 0.023499126525172134,
      "q25": -0.6677931920643683,
      "q75": 0.6728214358673439
    },
    "num_7": {
      "mean": -3.552713678800501e-18,
      "std": 1.0005003753127737,
      "min": -3.5181770052026717,
      "max": 3.4176240224341807,
      "median": 0.02005034259346175,
      "q25": -0.6803495336388596,
      "q75": 0.6720552439660115
    },
    "num_8": {
      "mean": -7.105427357601002e-18,
      "std": 1.0005003753127737,
      "min": -2.9071374158832137,
      "max": 3.446331888417019,
      "median": 0.006192842085487136,
      "q25": -0.6656118679723535,
      "q75": 0.6934651362639818
    },
    "num_9": {
      "mean": -1.4210854715202004e-17,
      "std": 1.0005003753127737,
      "min": -3.1590063805082575,
      "max": 2.8373430446375116,
      "median": 0.03032575369544396,
      "q25": -0.6845059672501291,
      "q75": 0.637410478001523
    },
    "num_10": {
      "mean": -7.105427357601002e-18,
      "std": 1.0005003753127737,
      "min": -3.03444863695613,
      "max": 3.0060059851199785,
      "median": 0.027782405067621987,
      "q25": -0.6437069588303466,
      "q75": 0.6445846460412817
    },
    "num_11": {
      "mean": -1.5987211554602253e-17,
      "std": 1.0005003753127737,
      "min": -2.917145999754515,
      "max": 3.4606693304038787,
      "median": -0.016463492595285647,
      "q25": -0.6692830263599957,
      "q75": 0.7180669184676871
    },
    "num_12": {
      "mean": 2.3092638912203255e-17,
      "std": 1.0005003753127737,
      "min": -2.7035188845295766,
      "max": 2.9146142111791313,
      "median": -0.009675017265253742,
      "q25": -0.677673376734693,
      "q75": 0.6723188735358278
    }
  },
  "categorical_stats": {
    "cat_0": {
      "unique_count": 100,
      "most_frequent": 85,
      "most_frequent_count": 19,
      "entropy": 6.583845656873931
    },
    "cat_1": {
      "unique_count": 100,
      "most_frequent": 83,
      "most_frequent_count": 21,
      "entropy": 6.573815990069699
    },
    "cat_2": {
      "unique_count": 100,
      "most_frequent": 55,
      "most_frequent_count": 17,
      "entropy": 6.574735861182333
    },
    "cat_3": {
      "unique_count": 100,
      "most_frequent": 99,
      "most_frequent_count": 18,
      "entropy": 6.559718467866368
    },
    "cat_4": {
      "unique_count": 100,
      "most_frequent": 38,
      "most_frequent_count": 20,
      "entropy": 6.57295983791338
    },
    "cat_5": {
      "unique_count": 100,
      "most_frequent": 76,
      "most_frequent_count": 16,
      "entropy": 6.578525566616402
    },
    "cat_6": {
      "unique_count": 100,
      "most_frequent": 9,
      "most_frequent_count": 17,
      "entropy": 6.5793627117859375
    },
    "cat_7": {
      "unique_count": 100,
      "most_frequent": 57,
      "most_frequent_count": 19,
      "entropy": 6.5725380609608255
    },
    "cat_8": {
      "unique_count": 100,
      "most_frequent": 41,
      "most_frequent_count": 16,
      "entropy": 6.581440669084628
    },
    "cat_9": {
      "unique_count": 100,
      "most_frequent": 90,
      "most_frequent_count": 17,
      "entropy": 6.569484626125036
    },
    "cat_10": {
      "unique_count": 100,
      "most_frequent": 69,
      "most_frequent_count": 18,
      "entropy": 6.576714492585767
    },
    "cat_11": {
      "unique_count": 100,
      "most_frequent": 8,
      "most_frequent_count": 17,
      "entropy": 6.578568719362768
    },
    "cat_12": {
      "unique_count": 100,
      "most_frequent": 56,
      "most_frequent_count": 19,
      "entropy": 6.576886932912524
    },
    "cat_13": {
      "unique_count": 100,
      "most_frequent": 5,
      "most_frequent_count": 19,
      "entropy": 6.5573208514313075
    },
    "cat_14": {
      "unique_count": 100,
      "most_frequent": 23,
      "most_frequent_count": 18,
      "entropy": 6.578362908041534
    },
    "cat_15": {
      "unique_count": 100,
      "most_frequent": 52,
      "most_frequent_count": 23,
      "entropy": 6.5490124681635935
    },
    "cat_16": {
      "unique_count": 100,
      "most_frequent": 76,
      "most_frequent_count": 19,
      "entropy": 6.557252280643145
    },
    "cat_17": {
      "unique_count": 100,
      "most_frequent": 68,
      "most_frequent_count": 20,
      "entropy": 6.5662491202078686
    },
    "cat_18": {
      "unique_count": 100,
      "most_frequent": 86,
      "most_frequent_count": 19,
      "entropy": 6.570681918656912
    },
    "cat_19": {
      "unique_count": 100,
      "most_frequent": 9,
      "most_frequent_count": 19,
      "entropy": 6.5728906541989245
    },
    "cat_20": {
      "unique_count": 100,
      "most_frequent": 69,
      "most_frequent_count": 18,
      "entropy": 6.546664804473176
    },
    "cat_21": {
      "unique_count": 100,
      "most_frequent": 9,
      "most_frequent_count": 18,
      "entropy": 6.5896664912688605
    },
    "cat_22": {
      "unique_count": 100,
      "most_frequent": 53,
      "most_frequent_count": 18,
      "entropy": 6.570340204605999
    },
    "cat_23": {
      "unique_count": 100,
      "most_frequent": 87,
      "most_frequent_count": 17,
      "entropy": 6.5959900364626405
    },
    "cat_24": {
      "unique_count": 100,
      "most_frequent": 77,
      "most_frequent_count": 20,
      "entropy": 6.568346674931653
    },
    "cat_25": {
      "unique_count": 100,
      "most_frequent": 55,
      "most_frequent_count": 17,
      "entropy": 6.584314971571496
    }
  },
  "missing_values": {
    "click": 0,
    "num_0": 0,
    "num_1": 0,
    "num_2": 0,
    "num_3": 0,
    "num_4": 0,
    "num_5": 0,
    "num_6": 0,
    "num_7": 0,
    "num_8": 0,
    "num_9": 0,
    "num_10": 0,
    "num_11": 0,
    "num_12": 0,
    "cat_0": 0,
    "cat_1": 0,
    "cat_2": 0,
    "cat_3": 0,
    "cat_4": 0,
    "cat_5": 0,
    "cat_6": 0,
    "cat_7": 0,
    "cat_8": 0,
    "cat_9": 0,
    "cat_10": 0,
    "cat_11": 0,
    "cat_12": 0,
    "cat_13": 0,
    "cat_14": 0,
    "cat_15": 0,
    "cat_16": 0,
    "cat_17": 0,
    "cat_18": 0,
    "cat_19": 0,
    "cat_20": 0,
    "cat_21": 0,
    "cat_22": 0,
    "cat_23": 0,
    "cat_24": 0,