{
  "ctr_statistics": {
    "baseline_ctr": 0.015,
    "ctr_std": 0.12155245781143217,
    "high_ctr_threshold": 0.25810491562286436,
    "low_ctr_threshold": 0
  },
  "feature_importance": {
    "top_numerical_features": [
      [
        "num_12",
        0.06074120754862457
      ],
      [
        "num_7",
        0.04901459452869886
      ],
      [
        "num_10",
        0.04865727322370686
      ],
      [
        "num_4",
        0.029766623936657747
      ],
      [
        "num_6",
        0.02673530208434895
      ]
    ],
    "top_categorical_features": [
      [
        "cat_7",
        0.058752459132695875
      ],
      [
        "cat_9",
        0.05287822190375561
      ],
      [
        "cat_18",
        0.038960387933617925
      ],
      [
        "cat_8",
        0.03612612848526833
      ],
      [
        "cat_21",
        0.03521313625725525
      ]
    ]
  },
  "data_distribution": {
    "numerical_ranges": {
      "num_0": {
        "min": -3.054443029460123,
        "max": 3.060322607566905,
        "mean": 0.0
      },
      "num_1": {
        "min": -3.456026648693879,
        "max": 3.6473963145748662,
        "mean": 4.440892098500626e-18
      },
      "num_2": {
        "min": -3.3408129401089988,
        "max": 3.014614451190042,
        "mean": -3.552713678800501e-18
      },
      "num_3": {
        "min": -3.0578278789600724,
        "max": 3.537676355828559,
        "mean": 2.3092638912203255e-17
      },
      "num_4": {
        "min": -3.362535276856014,
        "max": 2.9901994608983022,
        "mean": -1.7763568394002505e-18
      },
      "num_5": {
        "min": -3.012401905671941,
        "max": 3.6121204061427727,
        "mean": 2.1316282072803006e-17
      },
      "num_6": {
        "min": -2.8610794112490083,
        "max": 2.6907349806386236,
        "mean": -1.7763568394002505e-17
      },
      "num_7": {
        "min": -3.5181770052026717,
        "max": 3.4176240224341807,
        "mean": -3.552713678800501e-18
      },
      "num_8": {
        "min": -2.9071374158832137,
        "max": 3.446331888417019,
        "mean": -7.105427357601002e-18
      },
      "num_9": {
        "min": -3.1590063805082575,
        "max": 2.8373430446375116,
        "mean": -1.4210854715202004e-17
      },
      "num_10": {
        "min": -3.03444863695613,
        "max": 3.0060059851199785,
        "mean": -7.105427357601002e-18
      },
      "num_11": {
        "min": -2.917145999754515,
        "max": 3.4606693304038787,
        "mean": -1.5987211554602253e-17
      },
      "num_12": {
        "min": -2.7035188845295766,
        "max": 2.9146142111791313,
        "mean": 2.3092638912203255e-17
      }
    },
    "categorical_diversity": {
      "cat_0": 100,
      "cat_1": 100,
      "cat_2": 100,
      "cat_3": 100,
      "cat_4": 100,
      "cat_5": 100,
      "cat_6": 100,
      "cat_7": 100,
      "cat_8": 100,
      "cat_9": 100,
      "cat_10": 100,
      "cat_11": 100,
      "cat_12": 100,
      "cat_13": 100,
      "cat_14": 100,
      "cat_15": 100,
      "cat_16": 100,
      "cat_17": 100,
      "cat_18": 100,
      "cat_19": 100,
      "cat_20": 100,
      "cat_21": 100,
      "cat_22": 100,
      "cat_23": 100,
      "cat_24": 100,
      "cat_25": 100
    }
  },
  "simulation_parameters": {
    "noise_level": 0.1,
    "correlation_strength": 0.024076179699112528,
    "recommended_episode_length": 1000,
    "recommended_batch_size": 64
  }
}