campaign,source,medium,device,sessions,users,conversions,revenue,add_to_carts,checkouts,bounce_rate,engagement_rate,cvr,aov,cart_to_checkout,checkout_to_purchase
balance_parentingpressure_osaw,facebook,paidsocial,mobile,11203,10897,16,1485.9,55,3,0.13067928233508883,0.8693207176649111,0.0014281888779791127,92.86875,0.05454545454545454,5.333333333333333
life360-balance,life360,push,mobile,3438,2793,8,364.97,69,0,0.0477021524141943,0.9522978475858057,0.002326934264107039,45.62125,0.0,0.0
balance_teentalk_osaw,facebook,paidsocial,mobile,2829,2766,26,1294.8899999999999,90,0,0.02545068928950159,0.9745493107104984,0.009190526687875575,49.803461538461534,0.0,0.0
balance_parentingpressure_ow,facebook,paidsocial,mobile,2669,2602,2,112.99,15,0,0.06631697264893219,0.9336830273510678,0.0007493443237167478,56.495,0.0,0.0
life360_topparents,facebook,paidsocial,mobile,1461,1356,11,1099.8899999999999,139,0,0.03764544832306639,0.9623545516769336,0.007529089664613279,99.99,0.0,0.0
life360_parentsover50,facebook,paidsocial,mobile,968,904,3,269.96999999999997,56,1,0.06921487603305786,0.9307851239669421,0.0030991735537190084,89.99,0.017857142857142856,3.0
balance_bluebox_osaw,facebook,paidsocial,mobile,590,541,3,212.98,14,0,0.04915254237288136,0.9508474576271186,0.005084745762711864,70.99333333333333,0.0,0.0
balance_teentalk_ow,facebook,paidsocial,mobile,588,579,4,683.97,9,1,0.034013605442176874,0.9659863945578231,0.006802721088435374,170.9925,0.1111111111111111,4.0
balance_bluebox_ow,facebook,paidsocial,mobile,385,340,4,225.98,11,0,0.06233766233766234,0.9376623376623376,0.01038961038961039,56.495,0.0,0.0
